,productname,productprice,productcategory
0,17수 순면 티셔츠 1장부터 인쇄 단체티 맞춤,"5,900원",유니폼/단체복
1,"20수,30수,45수,기능성 쿨원단 반팔/칠부 주방조리사복 쉐프웨어 조리복","21,000원",유니폼/단체복
2,맥커스 와이드 머슬핏 반팔 티셔츠,"19,600원",티셔츠
3,[에두아르도 자체제작][5팩 세트]세미오버 반팔 티셔츠 스탠다드세트,"66,900원",티셔츠
4,타미힐피거 반팔 티셔츠 남자 여자 면티 T3139,"14,112원",티셔츠
5,[28-42] 남자 봄 청바지 스판 데님 연청 진청 블랙진 테이퍼드 일자 빅사이즈 58종,"15,900원",청바지
6,ROKA 로카티 반팔티 긴팔티 군인 군대티셔츠,"8,500원",티셔츠
7,"드라이 무지티 기능성 라운드 쿨론 반팔티 프린트스타 글리머 (남녀공용,빅사이즈 4L까지)","5,900원",티셔츠
8,해외폴로 랄프로렌 남성 클래식핏 린넨 셔츠 Classic Fit Linen Shirt,"119,900원",셔츠/남방
9,칼하트 K87 남성 포켓 티셔츠 17종 택1,"15,300원",티셔츠
10,남자 필라테스 운동복 필라테스복,"39,000원",트레이닝복
11,1+1+1+1+1 피넛 링클프리 남자 반팔티,"29,900원",티셔츠
12,사막여우 S~4XL 무지 반팔티셔츠 남자 여자 루즈핏 오버핏 빅사이즈,"12,800원",티셔츠
13,언더아머 바람막이 남성 여성 공용 21 봄 트레이닝 스포츠 윈드 자켓 W1621 HUS,"71,100원",재킷
14,나이키 바람막이 윈드러너 아노락 후드자켓 모음전,"89,000원",재킷
15,1+1 레이어드 오버핏 옆트임 반팔 티셔츠,"19,900원",티셔츠
16,남자 봄 셔츠 체크 린넨 스트라이프 정장 긴팔 빅사이즈 남방 오버핏 95-140 빅사이즈,"15,900원",셔츠/남방
17,남자 긴팔 기능성 쿨티 냉감 아이스 쿨 티셔츠 쿨링티,"6,500원",티셔츠
18,스톤아일랜드 와펜로고 맨투맨 721563051 V0020,"289,800원",티셔츠
19,나이키 남성 에센셜 후디 재킷 진주 CU5359-010,"63,360원",재킷
20,브로니게로 프리미엄 구김없는 스판 정장 남자 와이셔츠 (3컬러),"22,000원",셔츠/남방
21,남녀공용 조거 밴딩 빅사이즈 트레이닝바지,"18,000원",트레이닝복
22,봄 밴딩 스판 냉장고 와이드팬츠 남자 슬랙스,"24,500원",바지
23,10수 두꺼운 반팔 면 티셔츠,"7,900원",티셔츠
24,해외파타고니아 배기스 반바지 5인치,"65,500원",바지
25,티셔츠주문제작 라운드 반팔,"3,900원",티셔츠
26,국내제작 고스판 구김없는 남자 정장 와이셔츠,"22,800원",셔츠/남방
27,LAINE 시스템 린넨 컨템라인 카라 니트티,"13,400원",니트/스웨터
28,라코스테 NC픽스 남성 클래식핏 L1212 PK 카라 티셔츠 10컬러 LAPK12M001,"69,900원",티셔츠
29,[USPA] USPA 남성 화이트라벨 USA코튼 라운드셔츠 5종,"71,100원",셔츠/남방
30,RCB폴로클럽 남성 반팔 폴로셔츠 5종세트 양말 추가구성,"81,880원",티셔츠
31,해외폴로 랄프로렌 남성 라운드넥 반팔 티셔츠,"35,900원",티셔츠
32,해외폴로 랄프로렌 남성 가디건 Cotton Vneck Cardigan,"129,900원",카디건
33,나이키 바람막이 윈드러너 AR2192-010,"79,000원",재킷
34,코마사 20수 30수 무지 라운드 반팔티 흰색면티,"2,700원",티셔츠
35,해외메종키츠네 그레이 폭스 해드 남녀공용 반팔 티셔츠 4색 GM00118KJ0008,"98,000원",티셔츠
36,베이직하우스 순면라운드 반팔 오리지널팩 HATS0101,"14,670원",티셔츠
37,SS 모던 헤리넥 남자 정장 이너 반팔티셔츠 세미수트 코디 봄 여름용 7Color,"14,900원",티셔츠
38,헬스복 남성트레이닝세트 헬스반바지 레깅스 후드집업 운동복 빅사이즈 남자헬스복,"6,900원",트레이닝복
39,STCO 다림질필요없는 구김없는 이지케어 긴팔 반팔 셔츠 와이셔츠 모음 빅사이즈115까지,"19,000원",셔츠/남방
40,해외스투시 베이직 로고 반팔 티셔츠 2021 S/S,"36,500원",티셔츠
41,나이키 테크 팩 테크 플리스 트레이닝 풀집 후디 조거 팬츠,"105,000원",트레이닝복
42,탑텐 청량리점 남성 윈드브레이커 후드점퍼 - MSB2JP1001,"34,900원",재킷
43,라운드 긴팔 티셔츠 무지티 시보리 쭉티,"4,400원",티셔츠
44,언더아머 남자 스톰 팬츠 스카이블랙,"59,900원",트레이닝복
